date,equipment_no,trips,verification_status,source_photo
2026-08-01,1851,19,needs_original_review,1590.jpg
2026-08-02,1851,5,needs_original_review,1590.jpg
2026-08-03,1851,1,needs_original_review,1590.jpg
2026-08-04,1851,7,needs_original_review,1590.jpg
2026-08-05,1851,6,needs_original_review,1590.jpg
2026-08-06,1851,13,needs_original_review,1590.jpg
2026-08-09,1851,14,needs_original_review,1590.jpg
2026-08-10,1851,15,needs_original_review,1590.jpg
2026-08-11,1851,15,needs_original_review,1590.jpg
2026-08-12,1851,11,needs_original_review,1590.jpg
2026-08-13,1851,7,needs_original_review,1590.jpg
2026-08-15,1851,17,needs_original_review,1590.jpg
2026-08-16,1851,14,needs_original_review,1590.jpg
2026-08-17,1851,14,needs_original_review,1590.jpg
2026-08-19,1851,16,needs_original_review,1590.jpg
2026-08-22,1851,15,needs_original_review,1590.jpg
2026-08-23,1851,11,needs_original_review,1590.jpg
2026-08-24,1851,8,needs_original_review,1590.jpg
2026-08-25,1851,18,needs_original_review,1590.jpg
2026-08-27,1851,20,needs_original_review,1590.jpg
2026-08-29,1851,17,needs_original_review,1590.jpg
2026-08-30,1851,21,needs_original_review,1590.jpg
2026-08-31,1851,10,needs_original_review,1590.jpg
2026-08-01,2245,14,needs_original_review,1587.jpg
2026-08-02,2245,10,needs_original_review,1587.jpg
2026-08-03,2245,13,needs_original_review,1587.jpg
2026-08-04,2245,15,needs_original_review,1587.jpg
2026-08-05,2245,10,needs_original_review,1587.jpg
2026-08-06,2245,11,needs_original_review,1587.jpg
2026-08-08,2245,15,needs_original_review,1587.jpg
2026-08-10,2245,19,needs_original_review,1587.jpg
2026-08-11,2245,13,needs_original_review,1587.jpg
2026-08-12,2245,9,needs_original_review,1587.jpg
2026-08-15,2245,16,needs_original_review,1587.jpg
2026-08-16,2245,8,needs_original_review,1587.jpg
2026-08-17,2245,14,needs_original_review,1587.jpg
2026-08-19,2245,12,needs_original_review,1587.jpg
2026-08-20,2245,6,needs_original_review,1587.jpg
2026-08-22,2245,10,needs_original_review,1587.jpg
2026-08-23,2245,7,needs_original_review,1587.jpg
2026-08-24,2245,15,needs_original_review,1587.jpg
2026-08-26,2245,16,needs_original_review,1587.jpg
2026-08-27,2245,12,needs_original_review,1587.jpg
2026-08-29,2245,10,needs_original_review,1587.jpg
2026-08-30,2245,10,needs_original_review,1587.jpg
2026-08-31,2245,17,needs_original_review,1587.jpg
2026-09-01,1851,10,needs_original_review,1589.jpg
2026-09-02,1851,16,needs_original_review,1589.jpg
2026-09-03,1851,15,needs_original_review,1589.jpg
2026-09-06,1851,7,needs_original_review,1589.jpg
2026-09-07,1851,12,needs_original_review,1589.jpg
2026-09-08,1851,12,needs_original_review,1589.jpg
2026-09-09,1851,14,needs_original_review,1589.jpg
2026-09-10,1851,7,needs_original_review,1589.jpg
2026-09-13,1851,8,needs_original_review,1589.jpg
2026-09-01,2245,12,needs_original_review,1588.jpg
2026-09-02,2245,8,needs_original_review,1588.jpg
2026-09-03,2245,14,needs_original_review,1588.jpg
2026-09-06,2245,15,needs_original_review,1588.jpg
2026-09-07,2245,14,needs_original_review,1588.jpg
2026-09-08,2245,7,needs_original_review,1588.jpg
2026-09-09,2245,9,needs_original_review,1588.jpg
2026-09-13,2245,10,needs_original_review,1588.jpg
2026-09-14,2245,17,needs_original_review,1588.jpg
2026-09-15,2245,5,needs_original_review,1588.jpg
2026-09-16,2245,8,needs_original_review,1588.jpg
2026-09-17,2245,9,needs_original_review,1588.jpg
2026-09-18,2245,15,needs_original_review,1588.jpg
2026-09-19,2245,13,needs_original_review,1588.jpg
2026-09-20,2245,10,needs_original_review,1588.jpg
2026-09-21,2245,16,needs_original_review,1588.jpg
2026-09-22,2245,14,needs_original_review,1588.jpg
2026-09-23,2245,20,needs_original_review,1588.jpg
2026-09-24,2245,18,needs_original_review,1588.jpg
2026-09-26,2245,10,needs_original_review,1588.jpg
2026-09-28,2245,13,needs_original_review,1588.jpg
2026-09-29,2245,13,needs_original_review,1588.jpg
2026-09-30,2245,12,needs_original_review,1588.jpg
